movie_id,director
524,"Martin Scorsese"
11448,"Woody Allen"
688,"Clint Eastwood"
103,"Martin Scorsese"
20649,"Spike Lee"
17961,"Claude Chabrol"
1945,"Michael Apted"
63105,"Albert Pyun"
3586,"Robert Altman"
11382,"Woody Allen"
34152,"Spike Lee"
10436,"Martin Scorsese"
26203,"Michael Apted"
4916,"Sidney Lumet"
329,"Steven Spielberg"
10440,"Woody Allen"
9559,"Clint Eastwood"
424,"Steven Spielberg"
695,"Robert Altman"
88893,"Werner Herzog"
61752,"Spike Lee"
8072,"Jean-Luc Godard"
185191,"Claude Chabrol"
22479,"Robert Altman"
9306,"John Frankenheimer"
981,"George Cukor"
2769,"Vincente Minnelli"
164,"Blake Edwards"
426,"Alfred Hitchcock"
567,"Alfred Hitchcock"
3078,"Frank Capra"
13528,"George Cukor"
213,"Alfred Hitchcock"
289,"Michael Curtiz"
963,"John Huston"
11113,"George Cukor"
909,"Vincente Minnelli"
22490,"George Cukor"
223,"Alfred Hitchcock"
25670,"Alfred Hitchcock"
303,"Alfred Hitchcock"
4174,"Alfred Hitchcock"
381,"Alfred Hitchcock"
20758,"Vincente Minnelli"
29376,"Vincente Minnelli"
17281,"Vincente Minnelli"
64382,"Vincente Minnelli"
10907,"Michael Curtiz"
3598,"Frank Capra"
3529,"W.S. Van Dyke"
3085,"Howard Hawks"
1585,"Frank Capra"
3083,"Frank Capra"
900,"Howard Hawks"
50001,"William A. Wellman"
40206,"Henry Koster"
260,"Alfred Hitchcock"
22613,"Howard Hawks"
488,"John Huston"
22733,"John Huston"
32574,"Frank Capra"
11306,"Michael Apted"
173,"Richard Fleischer"
15121,"Robert Wise"
49471,"Spike Lee"
9716,"Woody Allen"
28120,"Edward Dmytryk"
1834,"Edward Dmytryk"
11561,"Woody Allen"
11302,"Woody Allen"
12614,"Blake Edwards"
11575,"Blake Edwards"
521,"Alfred Hitchcock"
601,"Steven Spielberg"
11843,"Blake Edwards"
104931,"Jean-Luc Godard"
31556,"Anthony Mann"
26167,"Anthony Mann"
26174,"Anthony Mann"
8074,"Jean-Luc Godard"
85,"Steven Spielberg"
389,"Sidney Lumet"
144,"Wim Wenders"
769,"Martin Scorsese"
539,"Alfred Hitchcock"
3109,"John Ford"
1578,"Martin Scorsese"
703,"Woody Allen"
490,"Ingmar Bergman"
696,"Woody Allen"
828,"Robert Wise"
3090,"John Huston"
832,"Fritz Lang"
33,"Clint Eastwood"
982,"John Frankenheimer"
212,"Frank Capra"
914,"Charlie Chaplin"
910,"Howard Hawks"
89,"Steven Spielberg"
983,"John Huston"
655,"Wim Wenders"
10341,"Wim Wenders"
27214,"Richard Fleischer"
49126,"Robert Wise"
571,"Alfred Hitchcock"
30346,"Robert Wise"
1598,"Martin Scorsese"
11349,"J. Lee Thompson"
152,"Robert Wise"
55687,"Albert Pyun"
578,"Steven Spielberg"
46027,"Sidney Lumet"
1802,"Claude Chabrol"
66,"Clint Eastwood"
330,"Steven Spielberg"
266,"Jean-Luc Godard"
111367,"Jean-Luc Godard"
61337,"Sidney Lumet"
11831,"Steven Spielberg"
2639,"Woody Allen"
8197,"Clint Eastwood"
9746,"Martin Scorsese"
9469,"Spike Lee"
12488,"Robert Altman"
28966,"William A. Wellman"
34106,"Frank Capra"
43266,"John Ford"
1725,"Robert Wise"
11485,"Woody Allen"
12101,"Richard Fleischer"
19,"Fritz Lang"
11051,"Martin Scorsese"
857,"Steven Spielberg"
10849,"Woody Allen"
5961,"Ingmar Bergman"
11335,"Robert Altman"
87,"Steven Spielberg"
12761,"Ingmar Bergman"
16081,"Richard Fleischer"
1580,"Alfred Hitchcock"
5854,"Alfred Hitchcock"
573,"Alfred Hitchcock"
2370,"Alfred Hitchcock"
5780,"Alfred Hitchcock"
506,"Alfred Hitchcock"
22527,"Alfred Hitchcock"
574,"Alfred Hitchcock"
11219,"Alfred Hitchcock"
30159,"Alfred Hitchcock"
845,"Alfred Hitchcock"
1978,"Alfred Hitchcock"
4175,"Alfred Hitchcock"
31667,"Alfred Hitchcock"
13321,"Alfred Hitchcock"
21734,"Alfred Hitchcock"
31997,"Alfred Hitchcock"
24197,"Alfred Hitchcock"
11462,"Alfred Hitchcock"
31995,"Alfred Hitchcock"
940,"Alfred Hitchcock"
2762,"Alfred Hitchcock"
12684,"Alfred Hitchcock"
2761,"Alfred Hitchcock"
8208,"Alfred Hitchcock"
52907,"Alfred Hitchcock"
15007,"Alfred Hitchcock"
36049,"Alfred Hitchcock"
52748,"Alfred Hitchcock"
75793,"Alfred Hitchcock"
47695,"Alfred Hitchcock"
31930,"Alfred Hitchcock"
20213,"Alfred Hitchcock"
543,"Alfred Hitchcock"
36054,"Alfred Hitchcock"
52782,"Alfred Hitchcock"
36055,"Alfred Hitchcock"
36056,"Alfred Hitchcock"
2760,"Alfred Hitchcock"
64398,"Alfred Hitchcock"
8195,"John Frankenheimer"
11071,"Gordon Douglas"
10403,"Robert Altman"
11337,"Woody Allen"
3121,"Robert Altman"
9466,"Woody Allen"
9626,"Richard Fleischer"
8879,"Clint Eastwood"
11873,"Martin Scorsese"
18588,"John Frankenheimer"
10015,"Clint Eastwood"
12715,"J. Lee Thompson"
45712,"Sidney Lumet"
1847,"Robert Altman"
1705,"J. Lee Thompson"
1688,"J. Lee Thompson"
11772,"Robert Wise"
10354,"Clint Eastwood"
9465,"Robert Altman"
3309,"Michael Curtiz"
27625,"Roger Corman"
18784,"Robert Wise"
11779,"Wim Wenders"
10279,"Spike Lee"
873,"Steven Spielberg"
24452,"Roger Corman"
31924,"Sidney Lumet"
30890,"Woody Allen"
29056,"Roger Corman"
28501,"Roger Corman"
29030,"Roger Corman"
25319,"Roger Corman"
29074,"Roger Corman"
91893,"Fritz Lang"
43832,"Howard Hawks"
42114,"Joseph Sargent"
60285,"Edward Dmytryk"
11901,"Clint Eastwood"
19997,"Henry Hathaway"
73575,"William Beaudine"
42196,"Mervyn LeRoy"
9343,"Werner Herzog"
11562,"Woody Allen"
8649,"Martin Scorsese"
8672,"Werner Herzog"
51371,"Buster Keaton"
961,"Buster Keaton"
37853,"John Ford"
37853,"Mervyn LeRoy"
11165,"Richard Fleischer"
24226,"Sidney Lumet"
77915,"Vincente Minnelli"
20565,"Michael Apted"
36643,"Michael Apted"
11787,"Henry Koster"
29005,"Robert Altman"
596,"John Ford"
52470,"Henry Koster"
1718,"Michael Curtiz"
78256,"Edward Dmytryk"
9684,"Woody Allen"
33015,"Buster Keaton"
5652,"Robert Altman"
32628,"Edward F. Cline"
32628,"Buster Keaton"
11900,"Werner Herzog"
22692,"William A. Wellman"
32600,"Buster Keaton"
1883,"Spike Lee"
28978,"Charlie Chaplin"
901,"Charlie Chaplin"
36208,"Charlie Chaplin"
10098,"Charlie Chaplin"
18264,"Anthony Mann"
2155,"John Frankenheimer"
11016,"John Huston"
24481,"George Cukor"
968,"Sidney Lumet"
16958,"John Huston"
3114,"John Ford"
26928,"Joseph Sargent"
22178,"Fritz Lang"
43463,"Anthony Mann"
8333,"Joseph Sargent"
918,"Blake Edwards"
23928,"Raoul Walsh"
27995,"Spike Lee"
36739,"Spike Lee"
925,"Spike Lee"
41823,"Spike Lee"
1713,"Spike Lee"
26263,"J. Lee Thompson"
3082,"Charlie Chaplin"
52961,"Blake Edwards"
840,"Steven Spielberg"
6644,"Howard Hawks"
879,"Steven Spielberg"
17529,"Henry Hathaway"
10774,"Sidney Lumet"
10747,"Clint Eastwood"
46625,"Wim Wenders"
28971,"Charlie Chaplin"
18228,"Norman Taurog"
18642,"Norman Taurog"
39391,"Mervyn LeRoy"
18644,"Michael Curtiz"
10569,"Woody Allen"
962,"Charlie Chaplin"
30588,"Charlie Chaplin"
23518,"John Frankenheimer"
28973,"Charlie Chaplin"
28974,"Charlie Chaplin"
40639,"Raoul Walsh"
24920,"Lucio Fulci"
10911,"J. Lee Thompson"
46614,"William A. Wellman"
13368,"Michael Curtiz"
2075,"John Huston"
32047,"Sidney Lumet"
9040,"Sidney Lumet"
5121,"Steven Spielberg"
90980,"John Huston"
90980,"King Vidor"
20540,"Sidney Lumet"
32275,"King Vidor"
18118,"J. Lee Thompson"
11624,"Woody Allen"
15867,"Woody Allen"
11686,"Woody Allen"
5551,"Clint Eastwood"
21866,"Clint Eastwood"
23618,"Spike Lee"
10434,"Wim Wenders"
2161,"Richard Fleischer"
911,"Edward F. Cline"
24664,"Spike Lee"
10763,"Robert Altman"
19204,"Lucio Fulci"
15739,"John Huston"
31563,"Michael Apted"
39507,"John Huston"
10110,"Steven Spielberg"
580,"Joseph Sargent"
84499,"Richard Fleischer"
318,"Wim Wenders"
19490,"Henry Koster"
26580,"Spike Lee"
32488,"Blake Edwards"
42233,"Robert Altman"
17664,"John Ford"
301,"Howard Hawks"
5923,"Robert Wise"
759,"Howard Hawks"
644,"Steven Spielberg"
8217,"Woody Allen"
22478,"Woody Allen"
24382,"Mario Monicelli"
15875,"John Ford"
26573,"Norman Taurog"
23439,"Roger Corman"
11697,"John Ford"
22477,"Woody Allen"
19200,"Woody Allen"
16211,"Henry Hathaway"
32569,"Roger Corman"
28794,"Lucio Fulci"
10238,"Ingmar Bergman"
11536,"John Huston"
10339,"John Huston"
24679,"Clint Eastwood"
10130,"Michael Apted"
18197,"Sidney Lumet"
38560,"Blake Edwards"
11352,"Steven Spielberg"
10134,"Albert Pyun"
4925,"John Frankenheimer"
10551,"Sidney Lumet"
9686,"Woody Allen"
9686,"Martin Scorsese"
12478,"Blake Edwards"
11385,"Howard Hawks"
2779,"Woody Allen"
5998,"Fritz Lang"
33725,"Frank Capra"
9660,"Blake Edwards"
15393,"Clint Eastwood"
248,"Frank Capra"
16769,"Michael Apted"
50785,"Jean-Luc Godard"
269,"Jean-Luc Godard"
31037,"Joseph Sargent"
40739,"Edward Dmytryk"
39938,"George Cukor"
35284,"Edward Dmytryk"
17689,"Clint Eastwood"
10650,"Clint Eastwood"
35201,"John Frankenheimer"
10794,"Blake Edwards"
5279,"Robert Altman"
14580,"Fritz Lang"
61934,"John Ford"
9610,"Richard Fleischer"
11710,"Werner Herzog"
27378,"Werner Herzog"
57976,"Werner Herzog"
651,"Robert Altman"
20620,"John Frankenheimer"
43340,"Gordon Douglas"
69928,"Blake Edwards"
32499,"Vincente Minnelli"
33668,"Vincente Minnelli"
11698,"Werner Herzog"
614,"Ingmar Bergman"
7219,"Lucio Fulci"
17058,"Fritz Lang"
15310,"Richard Fleischer"
8690,"Umberto Lenzi"
24248,"Richard Fleischer"
22784,"Martin Scorsese"
53426,"J. Lee Thompson"
10491,"Michael Apted"
52717,"Jean-Luc Godard"
28384,"Woody Allen"
9689,"Woody Allen"
28577,"Robert Wise"
13963,"Martin Scorsese"
1957,"Michael Apted"
24014,"George Cukor"
24008,"Howard Hawks"
36554,"Robert Wise"
4993,"Henry Hathaway"
21635,"Anatole Litvak"
27225,"Blake Edwards"
13909,"John Ford"
180,"Steven Spielberg"
42254,"Rainer Werner Fassbinder"
10309,"Rainer Werner Fassbinder"
6404,"Werner Herzog"
24130,"Gordon Douglas"
9573,"Clint Eastwood"
10305,"Claude Chabrol"
28319,"Umberto Lenzi"
64079,"John Frankenheimer"
19049,"Clarence Brown"
68569,"Werner Herzog"
8691,"Umberto Lenzi"
26560,"Michael Apted"
37936,"J. Lee Thompson"
265,"Rainer Werner Fassbinder"
2264,"Rainer Werner Fassbinder"
12208,"John Huston"
11617,"John Ford"
2528,"Claude Chabrol"
109962,"George Cukor"
13945,"Albert Pyun"
4241,"Takashi Miike"
17360,"John Huston"
39274,"John Frankenheimer"
67772,"Robert Altman"
17590,"Sidney Lumet"
1429,"Spike Lee"
3131,"Martin Scorsese"
25848,"Henry Hathaway"
11706,"King Vidor"
26946,"Roger Corman"
16993,"John Huston"
640,"Steven Spielberg"
262,"Martin Scorsese"
36273,"Takashi Miike"
11222,"Wim Wenders"
8073,"Jean-Luc Godard"
18692,"Richard Thorpe"
15734,"Norman Taurog"
26252,"Julien Duvivier"
31916,"Mervyn LeRoy"
26761,"Raoul Walsh"
8286,"Claude Chabrol"
10724,"Clint Eastwood"
28307,"Wim Wenders"
37917,"Clint Eastwood"
30875,"Lucio Fulci"
8288,"Woody Allen"
32692,"Jean-Luc Godard"
42135,"Rainer Werner Fassbinder"
2262,"Rainer Werner Fassbinder"
30874,"Lucio Fulci"
30363,"Wim Wenders"
9699,"Blake Edwards"
18587,"J. Lee Thompson"
2984,"Charlie Chaplin"
59201,"J. Lee Thompson"
26172,"J. Lee Thompson"
26173,"Richard Fleischer"
33055,"J. Lee Thompson"
31598,"Sidney Lumet"
59401,"John Huston"
37258,"Sidney Lumet"
17729,"Anthony Mann"
2525,"John Huston"
29912,"Henry Koster"
10514,"Robert Wise"
41461,"John Frankenheimer"
24961,"Sidney Lumet"
42792,"Edward Dmytryk"
43232,"George Cukor"
5921,"Henry Hathaway"
26593,"Howard Hawks"
38732,"Anthony Mann"
18721,"Anthony Mann"
14551,"Anthony Mann"
51426,"Raoul Walsh"
42986,"Vincente Minnelli"
43490,"Raoul Walsh"
18200,"Henry Hathaway"
42640,"Raoul Walsh"
44043,"Fritz Lang"
30462,"Michael Curtiz"
37103,"John Huston"
6523,"Henry Hathaway"
2527,"Claude Chabrol"
26205,"Henry Hathaway"
6643,"John Huston"
41670,"Sidney Lumet"
33638,"John Huston"
42995,"Blake Edwards"
216,"Rainer Werner Fassbinder"
52758,"Fritz Lang"
38171,"Anatole Litvak"
19957,"Richard Thorpe"
39231,"Howard Hawks"
24993,"Albert Pyun"
21449,"Woody Allen"
4984,"Joseph Sargent"
41206,"George Cukor"
18148,"Yasujirō Ozu"
9051,"Blake Edwards"
120683,"Michael Apted"
936,"Blake Edwards"
12268,"Blake Edwards"
26246,"Michael Apted"
39859,"Richard Fleischer"
43041,"Michael Curtiz"
10739,"Woody Allen"
6723,"Clint Eastwood"
28761,"Clint Eastwood"
29449,"Robert Altman"
3087,"Michael Curtiz"
322,"Clint Eastwood"
10930,"Claude Chabrol"
31397,"Albert Pyun"
50374,"John Frankenheimer"
41521,"Henry Koster"
8289,"Michael Apted"
5143,"Woody Allen"
12395,"Michael Apted"
1626,"Jean-Luc Godard"
43875,"John Ford"
43436,"Mervyn LeRoy"
17687,"William A. Wellman"
41465,"Michael Curtiz"
17641,"Clarence Brown"
898,"John Frankenheimer"
2000,"Werner Herzog"
3089,"Howard Hawks"
995,"John Ford"
1594,"Blake Edwards"
32318,"Buster Keaton"
3062,"Lloyd Bacon"
70881,"Clarence Brown"
11519,"Steven Spielberg"
33517,"Wim Wenders"
25431,"George Cukor"
52036,"Robert Altman"
26983,"Robert Wise"
83726,"Robert Altman"
26712,"Raoul Walsh"
3088,"John Ford"
23567,"Howard Hawks"
22584,"Howard Hawks"
27725,"Raoul Walsh"
980,"William A. Wellman"
16933,"Raoul Walsh"
42094,"Blake Edwards"
26884,"Frank Capra"
9696,"Takashi Miike"
28963,"Raoul Walsh"
9838,"J. Lee Thompson"
797,"Ingmar Bergman"
42602,"Ingmar Bergman"
60792,"Edward Dmytryk"
47474,"Ingmar Bergman"
133919,"Ingmar Bergman"
10843,"Martin Scorsese"
28276,"Yasujirō Ozu"
502,"Sidney Lumet"
20561,"Michael Apted"
21594,"Fritz Lang"
44864,"Ingmar Bergman"
24650,"King Vidor"
43525,"John Huston"
10261,"Blake Edwards"
33575,"George Cukor"
2786,"Jean-Luc Godard"
8075,"Jean-Luc Godard"
44098,"Vincente Minnelli"
11656,"Ingmar Bergman"
16284,"J. Lee Thompson"
25009,"John Ford"
14589,"W.S. Van Dyke"
14594,"Richard Thorpe"
14590,"W.S. Van Dyke"
14588,"W.S. Van Dyke"
30137,"Roger Corman"
42090,"Ingmar Bergman"
11030,"Woody Allen"
29454,"Ingmar Bergman"
26372,"Ingmar Bergman"
11506,"Ingmar Bergman"
29455,"Ingmar Bergman"
11602,"Ingmar Bergman"
29453,"Ingmar Bergman"
11700,"Ingmar Bergman"
47735,"Ingmar Bergman"
14703,"John Huston"
35806,"John Huston"
3547,"John Huston"
41089,"John Huston"
42179,"John Huston"
31581,"Roger Corman"
22694,"Roger Corman"
12762,"Woody Allen"
22642,"Roger Corman"
29235,"Roger Corman"
42725,"Roger Corman"
18283,"Vincente Minnelli"
26234,"Richard Fleischer"
203,"Martin Scorsese"
29740,"Mervyn LeRoy"
3072,"Roger Corman"
27545,"Roger Corman"
11315,"Takashi Miike"
29592,"Vincente Minnelli"
16905,"Michael Curtiz"
41204,"Roy Del Ruth"
19128,"Fritz Lang"
32652,"Michael Curtiz"
27115,"Michael Curtiz"
73194,"John Ford"
28257,"Roy Del Ruth"
20643,"W.S. Van Dyke"
36786,"Fritz Lang"
31623,"William A. Wellman"
41662,"Robert Altman"
67217,"Werner Herzog"
34847,"Buster Keaton"
10178,"Edward Dmytryk"
71125,"Robert Altman"
52959,"Robert Wise"
42658,"Robert Wise"
18333,"Ingmar Bergman"
37658,"Mervyn LeRoy"
43336,"Robert Wise"
41495,"Mervyn LeRoy"
43805,"King Vidor"
15794,"Raoul Walsh"
26175,"Richard Thorpe"
47653,"Charlie Chaplin"
42812,"Clarence Brown"
29353,"Edward F. Cline"
17761,"William A. Wellman"
594,"Steven Spielberg"
19096,"Edward Dmytryk"
54028,"Vincente Minnelli"
57684,"William A. Wellman"
6081,"Blake Edwards"
13696,"Michael Curtiz"
2912,"Claude Chabrol"
701,"Buster Keaton"
61391,"Raoul Walsh"
18643,"Gordon Douglas"
43004,"Sidney Lumet"
65994,"Henry Hathaway"
30054,"Anthony Mann"
11897,"John Ford"
11897,"Henry Hathaway"
11897,"Richard Thorpe"
12206,"Fritz Lang"
39209,"Edward Dmytryk"
72613,"John Ford"
40374,"Clint Eastwood"
43485,"Michael Curtiz"
62694,"Anatole Litvak"
10910,"John Huston"
31522,"Jean-Luc Godard"
17218,"Robert Wise"
53198,"Martin Scorsese"
50247,"Yasujirō Ozu"
41975,"Claude Chabrol"
60760,"Claude Chabrol"
18693,"Norman Taurog"
8745,"Norman Taurog"
45335,"Norman Taurog"
18690,"Norman Taurog"
16153,"Martin Scorsese"
42694,"Martin Scorsese"
4176,"Sidney Lumet"
26690,"Richard Fleischer"
43105,"Roy Del Ruth"
31655,"Roger Corman"
17818,"Raoul Walsh"
26347,"Jean-Luc Godard"
58182,"Norman Taurog"
50085,"King Vidor"
50034,"Robert Altman"
42401,"Edward F. Cline"
71065,"Clarence Brown"
42510,"Charlie Chaplin"
29267,"Fritz Lang"
992,"Buster Keaton"
3060,"King Vidor"
31411,"Buster Keaton"
3061,"King Vidor"
42538,"Raoul Walsh"
25768,"Buster Keaton"
27899,"Mervyn LeRoy"
42816,"King Vidor"
51394,"William A. Wellman"
3574,"Michael Curtiz"
877,"Howard Hawks"
28268,"Yasujirō Ozu"
56724,"George Cukor"
39130,"George Cukor"
31511,"Mervyn LeRoy"
43130,"Frank Capra"
50073,"William A. Wellman"
46910,"John Ford"
43896,"John Ford"
14615,"Fritz Lang"
24807,"Frank Capra"
38721,"Clarence Brown"
43874,"George Cukor"
20642,"Richard Thorpe"
37650,"William A. Wellman"
43867,"W.S. Van Dyke"
16274,"George Cukor"
37698,"Raoul Walsh"
26635,"Lloyd Bacon"
43811,"Clarence Brown"
26201,"Michael Curtiz"
29884,"Howard Hawks"
33112,"Henry Koster"
28789,"Edward F. Cline"
18790,"John Huston"
43522,"Raoul Walsh"
23336,"Frank Capra"
23336,"Anatole Litvak"
22387,"Mervyn LeRoy"
27655,"Julien Duvivier"
23051,"Lloyd Bacon"
28436,"Robert Wise"
21451,"Fritz Lang"
18229,"Michael Curtiz"
52440,"Clarence Brown"
17136,"Fritz Lang"
18771,"John Ford"
29244,"John Ford"
43452,"Roy Del Ruth"
37347,"John Ford"
35032,"Vincente Minnelli"
20638,"William A. Wellman"
25698,"Buster Keaton"
43961,"Richard Thorpe"
24003,"Fritz Lang"
28431,"Richard Thorpe"
43348,"Raoul Walsh"
20127,"George Cukor"
24518,"Vincente Minnelli"
3111,"George Cukor"
94123,"Vincente Minnelli"
15697,"Richard Thorpe"
29071,"Roger Corman"
56156,"John Ford"
43119,"Roger Corman"
42661,"Richard Fleischer"
58902,"J. Lee Thompson"
46918,"Yasujirō Ozu"
50474,"Vincente Minnelli"
79827,"Roger Corman"
24188,"Dino Risi"
52705,"Jean-Luc Godard"
17696,"Gordon Douglas"
23574,"J. Lee Thompson"
16850,"Anthony Mann"
24395,"Sidney Lumet"
3482,"John Frankenheimer"
20379,"John Frankenheimer"
42702,"Roger Corman"
26204,"Gordon Douglas"
50789,"Jean-Luc Godard"
14801,"Joseph Sargent"
26525,"Robert Altman"
38222,"Vincente Minnelli"
839,"Steven Spielberg"
84285,"Roger Corman"
32044,"Robert Altman"
31656,"Robert Altman"
10711,"John Frankenheimer"
12637,"Martin Scorsese"
45695,"Robert Altman"
45169,"Robert Altman"
32689,"Jean-Luc Godard"
15301,"Steven Spielberg"
11513,"Werner Herzog"
20562,"Michael Apted"
68773,"Albert Pyun"
13995,"Albert Pyun"
26103,"Albert Pyun"
64559,"Claude Chabrol"
36282,"Takashi Miike"
11075,"Takashi Miike"
33355,"Joseph Sargent"
13899,"Takashi Miike"
36222,"Takashi Miike"
16184,"Takashi Miike"
9694,"Takashi Miike"
20912,"Spike Lee"
20544,"Joseph Sargent"
70,"Clint Eastwood"
31713,"Richard Fleischer"
55309,"Robert Altman"
38724,"Vincente Minnelli"
12487,"Takashi Miike"
43872,"Roy Del Ruth"
5183,"George Cukor"
88288,"Lloyd Bacon"
2567,"Martin Scorsese"
16442,"Howard Hawks"
23832,"Mario Monicelli"
43504,"Lloyd Bacon"
42390,"Norman Taurog"
100894,"Michael Curtiz"
44463,"Frank Capra"
661,"Rainer Werner Fassbinder"
10310,"Rainer Werner Fassbinder"
36851,"William A. Wellman"
53200,"Werner Herzog"
55624,"Werner Herzog"
16638,"Anthony Mann"
44875,"Roy Del Ruth"
4710,"Jean-Luc Godard"
15771,"Michael Apted"
31835,"Howard Hawks"
18770,"Mervyn LeRoy"
40916,"Norman Taurog"
9688,"Woody Allen"
84298,"John Ford"
76499,"Howard Hawks"
43865,"King Vidor"
93313,"Howard Hawks"
26038,"Henry Hathaway"
43029,"Vincente Minnelli"
5996,"Michael Curtiz"
24964,"Michael Apted"
24182,"Mario Monicelli"
37512,"Rainer Werner Fassbinder"
43824,"Mervyn LeRoy"
42260,"Rainer Werner Fassbinder"
775,"Georges Méliès"
45267,"Mario Monicelli"
84087,"Mervyn LeRoy"
20187,"Clint Eastwood"
20628,"Gordon Douglas"
43881,"W.S. Van Dyke"
16902,"Michael Curtiz"
48993,"Clarence Brown"
31819,"Charlie Chaplin"
11605,"John Huston"
31200,"Michael Apted"
100605,"John Ford"
11620,"Mervyn LeRoy"
11620,"Anthony Mann"
76094,"Henry Hathaway"
33908,"Takashi Miike"
28000,"Robert Wise"
22968,"Vincente Minnelli"
20914,"Mario Monicelli"
43809,"Norman Taurog"
74,"Steven Spielberg"
55650,"Ingmar Bergman"
17599,"Robert Wise"
43367,"Howard Hawks"
54139,"Henry Hathaway"
501,"Werner Herzog"
14674,"Anthony Mann"
94529,"Henry Koster"
51277,"Henry Hathaway"
10319,"Werner Herzog"
30941,"Sidney Lumet"
43807,"Anatole Litvak"
19082,"Martin Scorsese"
3527,"Wim Wenders"
26845,"W.S. Van Dyke"
42000,"Takashi Miike"
47473,"Ingmar Bergman"
44163,"Yasujirō Ozu"
116,"Woody Allen"
43176,"Vincente Minnelli"
43176,"Roy Del Ruth"
84090,"King Vidor"
21454,"Henry Hathaway"
35896,"King Vidor"
43812,"Lloyd Bacon"
17382,"Raoul Walsh"
612,"Steven Spielberg"
20530,"Yasujirō Ozu"
43899,"George Cukor"
72856,"King Vidor"
27622,"George Cukor"
27344,"Roger Corman"
28638,"Takashi Miike"
34187,"Frank Capra"
27629,"Frank Capra"
37631,"Mervyn LeRoy"
42328,"Edward Dmytryk"
23965,"Werner Herzog"
113479,"Jean-Luc Godard"
20442,"Anthony Mann"
9950,"Sidney Lumet"
388,"Spike Lee"
55676,"Martin Scorsese"
46828,"Blake Edwards"
49361,"Lucio Fulci"
34732,"Gordon Douglas"
8410,"Werner Herzog"
51311,"Werner Herzog"
1629,"Jean-Luc Godard"
9526,"Robert Altman"
19661,"Edward Dmytryk"
31506,"Fritz Lang"
42512,"Fritz Lang"
560,"Fritz Lang"
28432,"Lloyd Bacon"
20330,"Fritz Lang"
25563,"Michael Curtiz"
25563,"Lloyd Bacon"
43147,"Roy Del Ruth"
51303,"Buster Keaton"
36576,"Blake Edwards"
10308,"Rainer Werner Fassbinder"
35955,"Anthony Mann"
72881,"John Frankenheimer"
31915,"John Frankenheimer"
45817,"John Huston"
43838,"John Ford"
76344,"Robert Wise"
42636,"Gordon Douglas"
512,"Woody Allen"
43597,"Roy Del Ruth"
77250,"John Ford"
63618,"Edward Dmytryk"
35921,"Richard Fleischer"
59964,"Vincente Minnelli"
33813,"Robert Wise"
33792,"Frank Capra"
51601,"Lloyd Bacon"
34006,"Lloyd Bacon"
29966,"Robert Wise"
31148,"Anatole Litvak"
52859,"John Ford"
390,"Wim Wenders"
66487,"Robert Altman"
1595,"Wim Wenders"
65488,"Edward Dmytryk"
1422,"Martin Scorsese"
43847,"W.S. Van Dyke"
77198,"Frank Capra"
3683,"Clint Eastwood"
78507,"Fritz Lang"
43884,"Michael Curtiz"
24553,"Spike Lee"
67880,"Michael Curtiz"
42822,"Michael Curtiz"
47156,"W.S. Van Dyke"
55819,"Sidney Lumet"
46948,"Sidney Lumet"
58923,"Spike Lee"
7736,"Rainer Werner Fassbinder"
10462,"Woody Allen"
1251,"Clint Eastwood"
43512,"Norman Taurog"
2204,"Wim Wenders"
1773,"Frank Capra"
11578,"Julien Duvivier"
11972,"Julien Duvivier"
13365,"Michael Apted"
51863,"Michael Apted"
50754,"Michael Apted"
74126,"Yasujirō Ozu"
56165,"William Beaudine"
12580,"Takashi Miike"
42630,"Gordon Douglas"
15163,"Michael Apted"
64142,"Henry Koster"
25105,"Henry Koster"
47837,"Sidney Lumet"
27263,"Anthony Mann"
33673,"Richard Fleischer"
23024,"John Ford"
47848,"Dino Risi"
32627,"John Huston"
30307,"Edward Dmytryk"
28304,"Anthony Mann"
20553,"Michael Apted"
31866,"George Cukor"
55823,"Mario Monicelli"
9952,"Werner Herzog"
32004,"King Vidor"
17660,"Michael Curtiz"
42700,"Anatole Litvak"
12713,"Claude Chabrol"
27464,"Robert Altman"
63096,"Vincente Minnelli"
19968,"Mervyn LeRoy"
81847,"Howard Hawks"
43898,"Henry Hathaway"
2701,"Joseph Sargent"
37954,"Michael Curtiz"
84567,"Richard Fleischer"
20646,"Takashi Miike"
27419,"Claude Chabrol"
33931,"Michael Curtiz"
7972,"Sidney Lumet"
37368,"John Ford"
48267,"Rainer Werner Fassbinder"
43308,"Henry Hathaway"
55192,"Yasujirō Ozu"
28272,"Yasujirō Ozu"
4787,"Woody Allen"
43604,"Howard Hawks"
43604,"William A. Wellman"
71068,"John Ford"
111747,"John Ford"
32716,"John Ford"
10834,"Wim Wenders"
53094,"Rainer Werner Fassbinder"
77245,"John Ford"
13315,"Takashi Miike"
95169,"John Ford"
113788,"John Ford"
94009,"John Ford"
72602,"John Ford"
117001,"John Ford"
33034,"George Cukor"
72608,"John Ford"
29369,"Jean-Luc Godard"
36223,"Takashi Miike"
7944,"Martin Scorsese"
38661,"William A. Wellman"
38661,"Richard Thorpe"
40044,"Richard Thorpe"
40214,"Richard Thorpe"
40045,"Richard Thorpe"
217,"Steven Spielberg"
43145,"George Cukor"
29377,"William A. Wellman"
50231,"Mervyn LeRoy"
37626,"J. Lee Thompson"
46189,"John Ford"
72609,"John Ford"
117044,"John Ford"
114348,"John Ford"
20017,"Wim Wenders"
37412,"Edward Dmytryk"
23676,"Wim Wenders"
23676,"Spike Lee"
23676,"Werner Herzog"
75141,"J. Lee Thompson"
40630,"John Ford"
12172,"Werner Herzog"
43869,"John Ford"
36226,"Rainer Werner Fassbinder"
158800,"Mervyn LeRoy"
5038,"Woody Allen"
28273,"Yasujirō Ozu"
31922,"John Frankenheimer"
5592,"Claude Chabrol"
31018,"John Frankenheimer"
13637,"Takashi Miike"
43040,"John Ford"
18539,"John Ford"
47721,"Ingmar Bergman"
50759,"Yasujirō Ozu"
12412,"Spike Lee"
120481,"Henry Koster"
76406,"Wim Wenders"
59403,"Richard Thorpe"
30977,"Norman Taurog"
3580,"Clint Eastwood"
14943,"Takashi Miike"
52561,"John Ford"
3520,"Mario Monicelli"
37327,"John Ford"
54615,"John Ford"
44626,"Anatole Litvak"
43962,"Richard Thorpe"
109539,"John Ford"
116973,"John Ford"
13223,"Clint Eastwood"
120862,"George Cukor"
27991,"Roy Del Ruth"
86082,"Frank Capra"
86082,"Anatole Litvak"
79090,"Frank Capra"
112912,"Frank Capra"
112912,"Anatole Litvak"
159849,"Frank Capra"
159849,"Anatole Litvak"
28564,"W.S. Van Dyke"
51808,"Jean-Luc Godard"
51808,"Claude Chabrol"
86084,"Frank Capra"
86084,"Anatole Litvak"
162865,"Frank Capra"
162865,"Anatole Litvak"
250093,"Joseph Sargent"
46595,"Werner Herzog"
206034,"John Ford"
29117,"Michael Curtiz"
80314,"Takashi Miike"
42914,"Mervyn LeRoy"
62437,"Werner Herzog"
33811,"Anthony Mann"
99224,"Raoul Walsh"
51263,"Frank Capra"
121707,"Raoul Walsh"
42062,"Fritz Lang"
21967,"Yasujirō Ozu"
31404,"King Vidor"
83868,"Michael Curtiz"
17829,"Howard Hawks"
45560,"Rainer Werner Fassbinder"
50600,"Clarence Brown"
84119,"Anatole Litvak"
89484,"Vincente Minnelli"
19265,"Woody Allen"
42659,"Roy Del Ruth"
45184,"Vincente Minnelli"
84278,"Sidney Lumet"
76465,"Raoul Walsh"
99657,"Werner Herzog"
18281,"Anthony Mann"
43384,"Richard Thorpe"
29967,"Fritz Lang"
68692,"John Ford"
36108,"Wim Wenders"
21336,"Henry Hathaway"
52710,"Jean-Luc Godard"
57412,"Henry Hathaway"
8071,"Jean-Luc Godard"
53430,"Charlie Chaplin"
37317,"Raoul Walsh"
46768,"Lucio Fulci"
24561,"Takashi Miike"
126136,"King Vidor"
53423,"Charlie Chaplin"
71041,"Fritz Lang"
71171,"Henry Hathaway"
61647,"Henry Koster"
70555,"Fritz Lang"
11699,"Werner Herzog"
31002,"Albert Pyun"
25716,"Takashi Miike"
22954,"Clint Eastwood"
32634,"John Ford"
53161,"W.S. Van Dyke"
32615,"Sidney Lumet"
42206,"Rainer Werner Fassbinder"
96107,"King Vidor"
43876,"Anatole Litvak"
42564,"Howard Hawks"
179066,"W.S. Van Dyke"
55197,"Yasujirō Ozu"
44027,"Werner Herzog"
52229,"Michael Curtiz"
15807,"Howard Hawks"
22404,"Fritz Lang"
48609,"Blake Edwards"
17836,"Michael Curtiz"
46623,"Anthony Mann"
43333,"Henry Koster"
42683,"Michael Curtiz"
11324,"Martin Scorsese"
42586,"Blake Edwards"
42295,"Henry Hathaway"
119819,"William A. Wellman"
17277,"Anthony Mann"
61880,"Anthony Mann"
43012,"J. Lee Thompson"
48145,"Ingmar Bergman"
80196,"Lloyd Bacon"
49508,"Gordon Douglas"
24973,"Michael Curtiz"
38687,"Clarence Brown"
48336,"Wim Wenders"
48336,"Spike Lee"
184741,"Lloyd Bacon"
43327,"Henry Koster"
42669,"Mervyn LeRoy"
39459,"Lloyd Bacon"
55236,"Raoul Walsh"
26380,"Anatole Litvak"
44747,"Norman Taurog"
4461,"Anatole Litvak"
25832,"Jean-Luc Godard"
25832,"Robert Altman"
43517,"Michael Curtiz"
91727,"Richard Thorpe"
72272,"Claude Chabrol"
198600,"Roy Del Ruth"
89462,"Yasujirō Ozu"
28894,"Fritz Lang"
174784,"Norman Taurog"
112882,"Yasujirō Ozu"
44398,"Henry Hathaway"
25551,"Edward Dmytryk"
43879,"George Cukor"
32720,"Jean-Luc Godard"
28434,"Robert Wise"
42767,"Richard Thorpe"
43882,"Henry Koster"
99627,"Mervyn LeRoy"
38027,"Richard Fleischer"
1787,"Claude Chabrol"
42615,"Clarence Brown"
69847,"Henry Hathaway"
140172,"Albert Pyun"
2363,"Claude Chabrol"
69544,"Ingmar Bergman"
43449,"Michael Curtiz"
87267,"John Frankenheimer"
32921,"Michael Curtiz"
43849,"W.S. Van Dyke"
91470,"Michael Curtiz"
53209,"King Vidor"
24487,"Spike Lee"
36274,"Takashi Miike"
21564,"Fritz Lang"
52713,"Jean-Luc Godard"
98328,"Richard Thorpe"
43821,"Fritz Lang"
132883,"Lloyd Bacon"
115109,"Clarence Brown"
84701,"John Huston"
96451,"Spike Lee"
109466,"Albert Pyun"
32194,"King Vidor"
30630,"Clarence Brown"
101422,"J. Lee Thompson"
69119,"Lloyd Bacon"
66701,"William A. Wellman"
43804,"Fritz Lang"
8886,"Wim Wenders"
96172,"Norman Taurog"
40652,"Jean-Luc Godard"
43890,"W.S. Van Dyke"
43890,"Roy Del Ruth"
94959,"George Cukor"
706,"Rainer Werner Fassbinder"
38031,"Woody Allen"
43894,"W.S. Van Dyke"
27441,"Robert Altman"
10311,"Rainer Werner Fassbinder"
12482,"Rainer Werner Fassbinder"
52848,"Roy Del Ruth"
73348,"Edward Dmytryk"
44890,"Lloyd Bacon"
98364,"George Cukor"
52047,"Yasujirō Ozu"
27372,"Yasujirō Ozu"
44603,"Clint Eastwood"
49863,"Henry Koster"
43189,"Mervyn LeRoy"
3007,"Fritz Lang"
27563,"Michael Curtiz"
79591,"Jean-Luc Godard"
47065,"Albert Pyun"
64782,"Ingmar Bergman"
96118,"Ingmar Bergman"
61370,"Anthony Mann"
10140,"Michael Apted"
121238,"Norman Taurog"
26663,"Raoul Walsh"
86608,"William A. Wellman"
80572,"Clarence Brown"
45136,"Henry Koster"
130424,"Vincente Minnelli"
5562,"Claude Chabrol"
49296,"Georges Méliès"
195311,"Georges Méliès"
62567,"Julien Duvivier"
4266,"Claude Chabrol"
23282,"Buster Keaton"
23282,"Edward F. Cline"
38705,"Buster Keaton"
38705,"Edward F. Cline"
51143,"Ingmar Bergman"
51357,"Buster Keaton"
51357,"Edward F. Cline"
51358,"Buster Keaton"
51358,"Edward F. Cline"
161512,"Michael Curtiz"
51359,"Buster Keaton"
51359,"Edward F. Cline"
20531,"Yasujirō Ozu"
51360,"Buster Keaton"
50704,"Buster Keaton"
50704,"Edward F. Cline"
51362,"Buster Keaton"
51362,"Edward F. Cline"
25770,"Buster Keaton"
25770,"Edward F. Cline"
64605,"Henry Hathaway"
38742,"Buster Keaton"
38742,"Edward F. Cline"
84903,"George Cukor"
38830,"Buster Keaton"
37360,"Buster Keaton"
90968,"Clarence Brown"
88376,"Norman Taurog"
51364,"Buster Keaton"
51364,"Edward F. Cline"
51366,"Buster Keaton"
51366,"Edward F. Cline"
25862,"Anatole Litvak"
112284,"Clarence Brown"
38787,"Buster Keaton"
38787,"Edward F. Cline"
32319,"Rainer Werner Fassbinder"
89704,"Werner Herzog"
45807,"Buster Keaton"
45807,"Edward F. Cline"
51367,"Buster Keaton"
51367,"Edward F. Cline"
52844,"Roy Del Ruth"
51092,"Mario Monicelli"
122884,"Clarence Brown"
131781,"Norman Taurog"
120843,"George Cukor"
46260,"Gordon Douglas"
84295,"Norman Taurog"
91419,"Richard Thorpe"
112705,"Henry Koster"
84296,"W.S. Van Dyke"
150712,"W.S. Van Dyke"
31324,"W.S. Van Dyke"
15576,"Claude Chabrol"
92332,"Fritz Lang"
174958,"Fritz Lang"
37380,"Anthony Mann"
43526,"W.S. Van Dyke"
91459,"Martin Scorsese"
34944,"Raoul Walsh"
63702,"Fritz Lang"
54793,"Martin Scorsese"
104221,"Clarence Brown"
59490,"Werner Herzog"
93528,"George Cukor"
104430,"Michael Curtiz"
42815,"Howard Hawks"
42531,"Blake Edwards"
90406,"Robert Wise"
82460,"Sidney Lumet"
58857,"Takashi Miike"
30734,"Ingmar Bergman"
51141,"Ingmar Bergman"
39284,"Ingmar Bergman"
178587,"Richard Fleischer"
57698,"Lloyd Bacon"
99920,"Anatole Litvak"
76714,"Anatole Litvak"
30599,"Spike Lee"
43498,"Vincente Minnelli"
54083,"Jean-Luc Godard"
80639,"Mervyn LeRoy"
84099,"Lloyd Bacon"
92341,"King Vidor"
50012,"Jean-Luc Godard"
92667,"Michael Curtiz"
59436,"Woody Allen"
110628,"Anatole Litvak"
57276,"Wim Wenders"
85670,"Clarence Brown"
113653,"Ingmar Bergman"
97211,"Ingmar Bergman"
140995,"Anatole Litvak"
80027,"J. Lee Thompson"
39834,"Richard Fleischer"
80941,"Richard Thorpe"
94241,"Henry Hathaway"
95854,"Howard Hawks"
95854,"W.S. Van Dyke"
72449,"Blake Edwards"
52239,"Clarence Brown"
48627,"Norman Taurog"
35954,"Edward Dmytryk"
32691,"Jean-Luc Godard"
71982,"Joseph Sargent"
60899,"Ingmar Bergman"
72447,"Richard Fleischer"
42463,"Claude Chabrol"
42481,"Wim Wenders"
31303,"Claude Chabrol"
50072,"Frank Capra"
138341,"Mervyn LeRoy"
65673,"Martin Scorsese"
25894,"Richard Thorpe"
64318,"W.S. Van Dyke"
104602,"Blake Edwards"
36242,"Takashi Miike"
88271,"Yasujirō Ozu"
117412,"Yasujirō Ozu"
98635,"Yasujirō Ozu"
33470,"Martin Scorsese"
421510,"Martin Scorsese"
4938,"Anthony Mann"
109008,"Mervyn LeRoy"
31167,"Richard Fleischer"
103475,"Wim Wenders"
82260,"Roy Del Ruth"
125736,"Howard Hawks"
91961,"William A. Wellman"
105757,"Rainer Werner Fassbinder"
63025,"Lucio Fulci"
61645,"Henry Koster"
52847,"Norman Taurog"
162451,"Werner Herzog"
30014,"Fritz Lang"
43688,"William Beaudine"
37079,"Anthony Mann"
104449,"Robert Altman"
140003,"Werner Herzog"
47342,"Albert Pyun"
88794,"Clint Eastwood"
17578,"Steven Spielberg"
199072,"Henry Hathaway"
75964,"Martin Scorsese"
44826,"Martin Scorsese"
109435,"King Vidor"
185292,"John Ford"
77365,"Werner Herzog"
4790,"Claude Chabrol"
4195,"Claude Chabrol"
4809,"Henry Koster"
119564,"Edward F. Cline"
35543,"Anthony Mann"
57212,"Steven Spielberg"
405280,"Edward F. Cline"
82397,"William A. Wellman"
173456,"John Ford"
91781,"Robert Altman"
66488,"Robert Altman"
80046,"Howard Hawks"
52661,"John Frankenheimer"
111607,"Raoul Walsh"
39287,"Gordon Douglas"
82203,"Richard Fleischer"
111100,"Lloyd Bacon"
118955,"George Cukor"
184795,"Sidney Lumet"
260064,"William A. Wellman"
94741,"Richard Fleischer"
45971,"Fritz Lang"
86081,"Raoul Walsh"
76399,"Roger Corman"
94209,"Roy Del Ruth"
72338,"William A. Wellman"
96771,"Michael Curtiz"
80030,"Richard Thorpe"
59045,"Jean-Luc Godard"
55198,"Yasujirō Ozu"
53418,"Charlie Chaplin"
53420,"Charlie Chaplin"
53410,"Charlie Chaplin"
53403,"Charlie Chaplin"
53424,"Charlie Chaplin"
53414,"Charlie Chaplin"
53419,"Charlie Chaplin"
47650,"Charlie Chaplin"
3051,"J. Lee Thompson"
304375,"William A. Wellman"
242621,"Henry Hathaway"
106605,"Lloyd Bacon"
162284,"W.S. Van Dyke"
76011,"Henry Koster"
109018,"Richard Thorpe"
81836,"Woody Allen"
52906,"Vincente Minnelli"
68143,"Gordon Douglas"
100910,"Edward Dmytryk"
85836,"Takashi Miike"
42152,"Ingmar Bergman"
157903,"John Ford"
43599,"Roy Del Ruth"
4822,"Vincente Minnelli"
42203,"Rainer Werner Fassbinder"
168217,"John Ford"
131360,"John Ford"
48202,"Roger Corman"
131837,"Edward Dmytryk"
72479,"King Vidor"
116167,"Michael Apted"
82684,"Michael Apted"
72976,"Steven Spielberg"
110253,"King Vidor"
132961,"Robert Altman"
98536,"William A. Wellman"
83098,"Henry Koster"
43363,"Mervyn LeRoy"
51389,"Buster Keaton"
28790,"Albert Pyun"
147829,"W.S. Van Dyke"
138357,"Richard Thorpe"
27116,"Edward Dmytryk"
97353,"William Beaudine"
84328,"Spike Lee"
36244,"Takashi Miike"
53657,"Henry Hathaway"
126122,"Roy Del Ruth"
101557,"William A. Wellman"
198146,"Roy Del Ruth"
127509,"Spike Lee"
91694,"Takashi Miike"
51355,"Buster Keaton"
57993,"Edward Dmytryk"
55956,"Takashi Miike"
34269,"William A. Wellman"
53619,"Norman Taurog"
112823,"Jean-Luc Godard"
109962,"George Cukor"
100224,"Werner Herzog"
31715,"Spike Lee"
118059,"King Vidor"
48227,"Werner Herzog"
64143,"Henry Koster"
2077,"Charlie Chaplin"
18146,"Gordon Douglas"
53405,"Charlie Chaplin"
34977,"W.S. Van Dyke"
53392,"Charlie Chaplin"
53411,"Charlie Chaplin"
120892,"Clarence Brown"
43562,"Raoul Walsh"
108209,"Roy Del Ruth"
30183,"Gordon Douglas"
188468,"Mervyn LeRoy"
160588,"Woody Allen"
26622,"Michael Apted"
22924,"Richard Fleischer"
212994,"Werner Herzog"
50346,"Albert Pyun"
215134,"Michael Apted"
96252,"Richard Thorpe"
168496,"Anatole Litvak"
176734,"George Cukor"
53417,"Charlie Chaplin"
37463,"Roy Del Ruth"
28735,"Roger Corman"
43678,"Charlie Chaplin"
50775,"Charlie Chaplin"
28484,"Raoul Walsh"
27232,"Lucio Fulci"
118948,"William Beaudine"
249333,"Lloyd Bacon"
3149,"William Beaudine"
197926,"Gordon Douglas"
174988,"Roy Del Ruth"
42461,"Wim Wenders"
129405,"Joseph Sargent"
106646,"Martin Scorsese"
47794,"Claude Chabrol"
164123,"Robert Wise"
87516,"Spike Lee"
210041,"Spike Lee"
45241,"Henry Koster"
58061,"Lucio Fulci"
150249,"W.S. Van Dyke"
90966,"William A. Wellman"
193638,"Michael Curtiz"
4949,"Roger Corman"
33031,"Clarence Brown"
40352,"Lucio Fulci"
32996,"Norman Taurog"
99608,"Frank Capra"
61501,"Gordon Douglas"
43042,"Henry Koster"
81699,"George Cukor"
172913,"William A. Wellman"
100632,"Roy Del Ruth"
121074,"Mervyn LeRoy"
121695,"W.S. Van Dyke"
41552,"Richard Thorpe"
120509,"Raoul Walsh"
31950,"Edward Dmytryk"
27196,"Michael Apted"
391069,"Steven Spielberg"
56533,"Gordon Douglas"
25706,"Albert Pyun"
24006,"Henry Hathaway"
24006,"Howard Hawks"
24006,"Henry Koster"
45588,"Clarence Brown"
172340,"Sidney Lumet"
166621,"Michael Curtiz"
43857,"Roy Del Ruth"
80918,"Roy Del Ruth"
54752,"Michael Apted"
120837,"Roy Del Ruth"
10244,"Rainer Werner Fassbinder"
41847,"Sidney Lumet"
120852,"Takashi Miike"
148021,"Mervyn LeRoy"
46615,"William A. Wellman"
209451,"Clint Eastwood"
212899,"Clarence Brown"
120673,"King Vidor"
29058,"Roger Corman"
43499,"William A. Wellman"
43257,"Norman Taurog"
108003,"Gordon Douglas"
118953,"William Beaudine"
53865,"Michael Curtiz"
53425,"Charlie Chaplin"
229297,"Woody Allen"
64129,"Henry Koster"
44022,"Richard Fleischer"
32142,"Gordon Douglas"
40951,"William Beaudine"
242683,"George Cukor"
118245,"Roy Del Ruth"
269710,"John Ford"
166643,"John Ford"
26376,"Anatole Litvak"
94069,"Umberto Lenzi"
54561,"Mario Monicelli"
110887,"Howard Hawks"
295507,"Roy Del Ruth"
190859,"Clint Eastwood"
50079,"Clarence Brown"
118257,"Wim Wenders"
169883,"Richard Thorpe"
43398,"Richard Thorpe"
62655,"Vincente Minnelli"
76207,"Claude Chabrol"
2813,"Claude Chabrol"
86616,"John Frankenheimer"
39239,"Jean-Luc Godard"
26298,"Jean-Luc Godard"
61415,"Jean-Luc Godard"
65612,"Jean-Luc Godard"
53412,"Charlie Chaplin"
53406,"Charlie Chaplin"
53387,"Charlie Chaplin"
122047,"Frank Capra"
43863,"W.S. Van Dyke"
95874,"George Cukor"
140276,"Howard Hawks"
72103,"Richard Thorpe"
156317,"Michael Curtiz"
148326,"Edward F. Cline"
180427,"Lloyd Bacon"
188066,"Clarence Brown"
264309,"Clarence Brown"
130813,"Lloyd Bacon"
44888,"Edward Dmytryk"
99258,"Edward F. Cline"
29032,"Roger Corman"
56154,"Norman Taurog"
34623,"Michael Curtiz"
130474,"John Ford"
42734,"Henry Koster"
77412,"Clarence Brown"
33001,"William A. Wellman"
43075,"Michael Curtiz"
56152,"Henry Hathaway"
66707,"Henry Hathaway"
34651,"Anthony Mann"
143092,"Norman Taurog"
164073,"Henry Hathaway"
121250,"Mervyn LeRoy"
111750,"Henry Hathaway"
99922,"Frank Capra"
252721,"J. Lee Thompson"
17135,"Albert Pyun"
212950,"Edward Dmytryk"
118134,"Edward F. Cline"
81116,"Raoul Walsh"
243856,"Albert Pyun"
71841,"Albert Pyun"
131944,"Michael Curtiz"
280495,"Albert Pyun"
123868,"Robert Wise"
88253,"Albert Pyun"
168408,"Raoul Walsh"
40474,"Umberto Lenzi"
19338,"Joseph Sargent"
43968,"Richard Thorpe"
124115,"Michael Curtiz"
98010,"Michael Curtiz"
162059,"Michael Curtiz"
105404,"Sidney Lumet"
265297,"Wim Wenders"
33709,"Raoul Walsh"
111317,"Gordon Douglas"
216736,"Mario Monicelli"
48714,"Martin Scorsese"
48717,"Martin Scorsese"
199925,"Takashi Miike"
38183,"John Frankenheimer"
78358,"Vincente Minnelli"
86240,"John Frankenheimer"
114982,"Jean-Luc Godard"
118139,"William A. Wellman"
61411,"Richard Fleischer"
86901,"William Beaudine"
68659,"John Frankenheimer"
47914,"J. Lee Thompson"
70738,"William A. Wellman"
287299,"Spike Lee"
213955,"William Beaudine"
248553,"Frank Capra"
290379,"Clarence Brown"
74420,"Gordon Douglas"
26385,"Gordon Douglas"
117004,"W.S. Van Dyke"
29996,"King Vidor"
75958,"Umberto Lenzi"
120657,"King Vidor"
48409,"Michael Curtiz"
90956,"William Beaudine"
107999,"Norman Taurog"
52627,"Albert Pyun"
17885,"Anatole Litvak"
99234,"William A. Wellman"
116639,"Edward F. Cline"
36283,"Blake Edwards"
60853,"Michael Curtiz"
215299,"Henry Koster"
60173,"Albert Pyun"
107096,"Albert Pyun"
37608,"Richard Fleischer"
171130,"Roy Del Ruth"
176627,"Lloyd Bacon"
128598,"Albert Pyun"
32560,"Gordon Douglas"
33077,"Mervyn LeRoy"
146926,"Albert Pyun"
81396,"Michael Curtiz"
213443,"Richard Thorpe"
39494,"Michael Curtiz"
79735,"Henry Hathaway"
79466,"Joseph Sargent"
113582,"Joseph Sargent"
96131,"Joseph Sargent"
221144,"Joseph Sargent"
133148,"Joseph Sargent"
83849,"Joseph Sargent"
98130,"Joseph Sargent"
51681,"Joseph Sargent"
281215,"Joseph Sargent"
297668,"Joseph Sargent"
266314,"Joseph Sargent"
69898,"Joseph Sargent"
129251,"Joseph Sargent"
108259,"Joseph Sargent"
263032,"Joseph Sargent"
15759,"Joseph Sargent"
50299,"Joseph Sargent"
19496,"Joseph Sargent"
27137,"Joseph Sargent"
184936,"William A. Wellman"
153997,"Gordon Douglas"
55603,"William Beaudine"
128229,"Frank Capra"
68976,"Richard Thorpe"
147876,"Raoul Walsh"
82257,"Roy Del Ruth"
128048,"Raoul Walsh"
74529,"Gordon Douglas"
43151,"W.S. Van Dyke"
80320,"Richard Fleischer"
227402,"William Beaudine"
43880,"W.S. Van Dyke"
53441,"Norman Taurog"
38134,"Albert Pyun"
108812,"Robert Wise"
43310,"Raoul Walsh"
27635,"Anthony Mann"
34768,"Richard Thorpe"
43696,"Clarence Brown"
25807,"Roy Del Ruth"
122894,"Albert Pyun"
43458,"Norman Taurog"
45099,"Mario Monicelli"
118444,"Norman Taurog"
178341,"Michael Curtiz"
103119,"Robert Wise"
87123,"Mervyn LeRoy"
129553,"George Cukor"
56151,"Julien Duvivier"
157343,"Mervyn LeRoy"
46434,"Michael Curtiz"
91796,"J. Lee Thompson"
111910,"Sidney Lumet"
111477,"Michael Curtiz"
95359,"Robert Wise"
95012,"Gordon Douglas"
94831,"Lloyd Bacon"
102526,"Richard Thorpe"
178103,"John Ford"
95137,"W.S. Van Dyke"
84337,"Raoul Walsh"
72160,"Gordon Douglas"
105059,"Richard Thorpe"
26714,"Mervyn LeRoy"
62188,"William A. Wellman"
75799,"John Huston"
68191,"Richard Thorpe"
38556,"Richard Fleischer"
37123,"Raoul Walsh"
43365,"Henry Koster"
102195,"Gordon Douglas"
50117,"John Huston"
103938,"Howard Hawks"
49308,"Yasujirō Ozu"
75770,"Michael Curtiz"
72400,"Julien Duvivier"
44342,"Georges Méliès"
67443,"Julien Duvivier"
92257,"Julien Duvivier"
61523,"Clarence Brown"
56233,"Mario Monicelli"
102691,"Werner Herzog"
186629,"Dino Risi"
31293,"Dino Risi"
103613,"Jean-Luc Godard"
90358,"Gordon Douglas"
46510,"Edward F. Cline"
46510,"Buster Keaton"
2993,"Lucio Fulci"
246127,"Wim Wenders"
2963,"Georges Méliès"
221395,"King Vidor"
51434,"John Frankenheimer"
15469,"Anatole Litvak"
156329,"Michael Curtiz"
100351,"Gordon Douglas"
43913,"Albert Pyun"
278316,"Spike Lee"
35852,"Edward Dmytryk"
26503,"Lucio Fulci"
39992,"Lucio Fulci"
48846,"Lucio Fulci"
31899,"Lloyd Bacon"
204686,"Richard Thorpe"
84708,"Edward Dmytryk"
107184,"Umberto Lenzi"
182067,"Umberto Lenzi"
254321,"Umberto Lenzi"
2192,"Umberto Lenzi"
110260,"Umberto Lenzi"
229134,"Umberto Lenzi"
49212,"Umberto Lenzi"
28318,"Umberto Lenzi"
30997,"Umberto Lenzi"
28678,"Umberto Lenzi"
52809,"Umberto Lenzi"
50849,"Umberto Lenzi"
52810,"Umberto Lenzi"
53155,"Umberto Lenzi"
94809,"Umberto Lenzi"
52808,"Umberto Lenzi"
28489,"Umberto Lenzi"
105859,"Umberto Lenzi"
3701,"Umberto Lenzi"
28488,"Umberto Lenzi"
68146,"Umberto Lenzi"
3699,"Umberto Lenzi"
64630,"Umberto Lenzi"
105079,"Umberto Lenzi"
64525,"Umberto Lenzi"
145002,"Umberto Lenzi"
183832,"King Vidor"
50106,"Wim Wenders"
42156,"Wim Wenders"
77352,"Wim Wenders"
147287,"Rainer Werner Fassbinder"
127142,"Rainer Werner Fassbinder"
257084,"Frank Capra"
257084,"John Huston"
82465,"Sidney Lumet"
119687,"J. Lee Thompson"
43112,"J. Lee Thompson"
20806,"J. Lee Thompson"
247451,"J. Lee Thompson"
261419,"J. Lee Thompson"
75336,"Dino Risi"
66135,"Claude Chabrol"
43419,"Henry Hathaway"
14755,"Sidney Lumet"
82114,"Mario Monicelli"
103216,"Mario Monicelli"
56369,"Dino Risi"
58404,"Dino Risi"
186630,"Dino Risi"
81871,"Dino Risi"
61911,"Mario Monicelli"
48937,"Dino Risi"
80374,"Mario Monicelli"
175553,"Frank Capra"
45004,"Mario Monicelli"
45004,"Dino Risi"
28796,"Takashi Miike"
22390,"Norman Taurog"
32480,"Mario Monicelli"
146132,"Mario Monicelli"
221717,"Mario Monicelli"
56343,"Dino Risi"
56340,"Dino Risi"
56435,"Dino Risi"
79025,"Mario Monicelli"
44461,"Jean-Luc Godard"
79838,"Werner Herzog"
32323,"Buster Keaton"
45948,"Jean-Luc Godard"
58011,"Mario Monicelli"
102038,"Gordon Douglas"
197491,"Norman Taurog"
29260,"Richard Fleischer"
43533,"Anthony Mann"
116997,"Dino Risi"
12578,"Rainer Werner Fassbinder"
101183,"Claude Chabrol"
282984,"Woody Allen"
162954,"Yasujirō Ozu"
38812,"Buster Keaton"
38812,"Edward F. Cline"
49321,"Mario Monicelli"
64822,"Mario Monicelli"
283127,"Takashi Miike"
353653,"John Frankenheimer"
137984,"Michael Apted"
49273,"Georges Méliès"
130296,"John Huston"
175386,"Raoul Walsh"
97991,"George Cukor"
43142,"Raoul Walsh"
113638,"W.S. Van Dyke"
274906,"Martin Scorsese"
86990,"John Huston"
23388,"John Huston"
85820,"Robert Wise"
180900,"Takashi Miike"
78572,"Jean-Luc Godard"
357935,"John Frankenheimer"
263570,"John Frankenheimer"
5804,"Martin Scorsese"
96701,"Georges Méliès"
215302,"Richard Thorpe"
157843,"Werner Herzog"
65092,"Ingmar Bergman"
72898,"Jean-Luc Godard"
72898,"Claude Chabrol"
340488,"Werner Herzog"
68730,"Martin Scorsese"
296098,"Steven Spielberg"
326755,"Dino Risi"
63071,"Dino Risi"
65480,"Dino Risi"
63229,"Dino Risi"
72279,"Dino Risi"
59139,"Dino Risi"
195812,"Dino Risi"
194485,"Dino Risi"
65573,"Dino Risi"
92572,"Dino Risi"
56287,"Dino Risi"
61829,"Dino Risi"
82368,"Dino Risi"
92586,"Dino Risi"
76575,"Dino Risi"
45005,"Dino Risi"
111460,"Mervyn LeRoy"
49456,"Jean-Luc Godard"
53416,"Charlie Chaplin"
13707,"Charlie Chaplin"
2079,"Charlie Chaplin"
2078,"Charlie Chaplin"
45555,"Werner Herzog"
176143,"Edward Dmytryk"
120615,"Richard Fleischer"
92819,"Edward Dmytryk"
117435,"Clarence Brown"
55240,"Raoul Walsh"
57578,"J. Lee Thompson"
79506,"Lucio Fulci"
107081,"Lucio Fulci"
81654,"Lucio Fulci"
40141,"Lucio Fulci"
30552,"Lucio Fulci"
30872,"Lucio Fulci"
40461,"Lucio Fulci"
47453,"Lucio Fulci"
40145,"Lucio Fulci"
28848,"Lucio Fulci"
27703,"Lucio Fulci"
42326,"Lucio Fulci"
28847,"Lucio Fulci"
113255,"Werner Herzog"
36880,"Werner Herzog"
139945,"Werner Herzog"
39016,"Norman Taurog"
85262,"Edward F. Cline"
117999,"Sidney Lumet"
247780,"William A. Wellman"
49907,"Mario Monicelli"
67177,"Mario Monicelli"
107812,"Mario Monicelli"
198474,"Mario Monicelli"
183964,"Mario Monicelli"
24195,"Mario Monicelli"
71995,"Mario Monicelli"
274131,"Mario Monicelli"
62034,"Mario Monicelli"
220565,"Mario Monicelli"
217648,"Mario Monicelli"
63074,"Mario Monicelli"
84844,"Anthony Mann"
128899,"King Vidor"
36789,"Edward F. Cline"
340275,"Spike Lee"
30982,"Charlie Chaplin"
338438,"Umberto Lenzi"
89645,"William Beaudine"
143437,"Jean-Luc Godard"
89145,"William Beaudine"
99729,"William A. Wellman"
74436,"Raoul Walsh"
110457,"William Beaudine"
43856,"Henry Koster"
5953,"Anatole Litvak"
266249,"Anatole Litvak"
354105,"Anatole Litvak"
258384,"Anatole Litvak"
259325,"Anatole Litvak"
61046,"Anatole Litvak"
159849,"Frank Capra"
159849,"Anatole Litvak"
193321,"Anatole Litvak"
106495,"Michael Curtiz"
193439,"William Beaudine"
153444,"Julien Duvivier"
184819,"Julien Duvivier"
84248,"Julien Duvivier"
42690,"Julien Duvivier"
115162,"Julien Duvivier"
5067,"Julien Duvivier"
84035,"Julien Duvivier"
76777,"Julien Duvivier"
76775,"Julien Duvivier"
76772,"Julien Duvivier"
147360,"Julien Duvivier"
4709,"Julien Duvivier"
68754,"Julien Duvivier"
43462,"Julien Duvivier"
116712,"Julien Duvivier"
64418,"Julien Duvivier"
92254,"Julien Duvivier"
169479,"Julien Duvivier"
105549,"Julien Duvivier"
47612,"Julien Duvivier"
92413,"Julien Duvivier"
214600,"Julien Duvivier"
373451,"Spike Lee"
360030,"Werner Herzog"
76200,"Claude Chabrol"
342381,"Martin Scorsese"
257081,"John Ford"
126219,"Yasujirō Ozu"
217172,"Anthony Mann"
47239,"Rainer Werner Fassbinder"
105254,"Ingmar Bergman"
51205,"Jean-Luc Godard"
47723,"Ingmar Bergman"
97707,"Werner Herzog"
37311,"Raoul Walsh"
88269,"Yasujirō Ozu"
96935,"Henry Koster"
191703,"Rainer Werner Fassbinder"
96161,"Lloyd Bacon"
38404,"William Beaudine"
110468,"William Beaudine"
242631,"Gordon Douglas"
75510,"William A. Wellman"
249969,"Lloyd Bacon"
182950,"William Beaudine"
193459,"William Beaudine"
185289,"William Beaudine"
185273,"William Beaudine"
187516,"William Beaudine"
156603,"William Beaudine"
180819,"William Beaudine"
252916,"William Beaudine"
115706,"William Beaudine"
116160,"William Beaudine"
116190,"William Beaudine"
193435,"William Beaudine"
178569,"William Beaudine"
96186,"Georges Méliès"
227077,"Michael Curtiz"
53421,"Charlie Chaplin"
135335,"Yasujirō Ozu"
153169,"W.S. Van Dyke"
197175,"Rainer Werner Fassbinder"
122270,"Rainer Werner Fassbinder"
182899,"Richard Thorpe"
183827,"Richard Thorpe"
255733,"Frank Capra"
112558,"John Frankenheimer"
22892,"Charlie Chaplin"
41628,"Albert Pyun"
71772,"Henry Hathaway"
61002,"J. Lee Thompson"
99592,"J. Lee Thompson"
11767,"J. Lee Thompson"
164479,"Henry Hathaway"
267935,"Steven Spielberg"
46095,"Robert Wise"
213570,"Robert Wise"
43394,"Robert Wise"
62006,"Robert Wise"
68977,"Robert Wise"
115386,"Robert Wise"
339397,"Woody Allen"
94659,"Yasujirō Ozu"
117472,"Yasujirō Ozu"
44688,"Joseph Sargent"
266541,"Edward F. Cline"
94811,"Lloyd Bacon"
55035,"Claude Chabrol"
130134,"William A. Wellman"
262260,"Roy Del Ruth"
363676,"Clint Eastwood"
330070,"Takashi Miike"
43035,"George Cukor"
184799,"Sidney Lumet"
149320,"Sidney Lumet"
57666,"Sidney Lumet"
183889,"Sidney Lumet"
177474,"Sidney Lumet"
43701,"Michael Apted"
85483,"Steven Spielberg"
110669,"Henry Koster"
44328,"Georges Méliès"
113629,"Jean-Luc Godard"
3479,"Claude Chabrol"
97584,"Richard Thorpe"
79964,"Lloyd Bacon"
68972,"Claude Chabrol"
42782,"Henry Hathaway"
97784,"Roger Corman"
142918,"Yasujirō Ozu"
418772,"Woody Allen"
292510,"Michael Curtiz"
114108,"Georges Méliès"
187790,"Roger Corman"
360029,"Werner Herzog"
56143,"John Ford"
57664,"Henry Hathaway"
4462,"Henry Hathaway"
164504,"Henry Hathaway"
43380,"Henry Hathaway"
42885,"Anthony Mann"
30614,"Anthony Mann"
324013,"Robert Altman"
53598,"Edward F. Cline"
29066,"Roger Corman"
198176,"Mervyn LeRoy"
217763,"Mervyn LeRoy"
114145,"Georges Méliès"
43319,"King Vidor"
51374,"Buster Keaton"
45515,"Claude Chabrol"
36140,"Jean-Luc Godard"
295891,"Spike Lee"
173631,"Rainer Werner Fassbinder"
154718,"Rainer Werner Fassbinder"
48133,"Alfred Hitchcock"
40577,"William A. Wellman"
61541,"W.S. Van Dyke"
48855,"Lucio Fulci"
53397,"Charlie Chaplin"
28753,"Edward F. Cline"
133063,"Georges Méliès"
291276,"Michael Apted"
71520,"Roger Corman"
122487,"Rainer Werner Fassbinder"
218213,"Lloyd Bacon"
241863,"Takashi Miike"
21038,"John Frankenheimer"
30870,"Lucio Fulci"
85854,"Roger Corman"
24230,"Albert Pyun"
32066,"Julien Duvivier"
109262,"Howard Hawks"
104460,"Georges Méliès"
104462,"Georges Méliès"
52960,"Blake Edwards"
27221,"Werner Herzog"
104466,"Georges Méliès"
104469,"Georges Méliès"
104471,"Georges Méliès"
104473,"Georges Méliès"
104474,"Georges Méliès"
104476,"Georges Méliès"
104477,"Georges Méliès"
104480,"Georges Méliès"
104694,"Georges Méliès"
45763,"Werner Herzog"
172011,"Werner Herzog"
146473,"Werner Herzog"
45764,"Werner Herzog"
128410,"Werner Herzog"
121842,"Werner Herzog"
207441,"Werner Herzog"
127097,"Georges Méliès"
190683,"Georges Méliès"
195954,"Georges Méliès"
49275,"Georges Méliès"
16465,"Georges Méliès"
44449,"Georges Méliès"
127094,"Georges Méliès"
127098,"Georges Méliès"
32673,"Georges Méliès"
147746,"Georges Méliès"
137757,"Georges Méliès"
46661,"Joseph Sargent"
130015,"Georges Méliès"
104696,"Georges Méliès"
104697,"Georges Méliès"
114146,"Georges Méliès"
104700,"Georges Méliès"
104702,"Georges Méliès"
49295,"Georges Méliès"
89606,"Frank Capra"
467731,"Sidney Lumet"
104704,"Georges Méliès"
44330,"Georges Méliès"
49279,"Georges Méliès"
44333,"Georges Méliès"
49277,"Georges Méliès"
49271,"Georges Méliès"
44324,"Georges Méliès"
122036,"Georges Méliès"
49280,"Georges Méliès"
106807,"Georges Méliès"
